LABEL,FILE
covid,./data/raw/covid/covid_102.jpeg
pneumonia,./data/raw/pneumonia/bacteria_680.jpeg
normal,./data/raw/normal/normal_938.jpeg
normal,./data/raw/normal/normal_1186.jpeg
pneumonia,./data/raw/pneumonia/virus_197.jpeg
pneumonia,./data/raw/pneumonia/bacteria_134.jpeg
normal,./data/raw/normal/normal_1418.jpeg
pneumonia,./data/raw/pneumonia/bacteria_417.jpeg
normal,./data/raw/normal/normal_536.jpeg
normal,./data/raw/normal/normal_1047.jpeg
normal,./data/raw/normal/normal_1049.jpeg
covid,./data/raw/covid/covid_155.jpg
normal,./data/raw/normal/normal_253.jpeg
normal,./data/raw/normal/normal_984.jpeg
normal,./data/raw/normal/normal_715.jpeg
pneumonia,./data/raw/pneumonia/bacteria_1208.jpeg
normal,./data/raw/normal/normal_1027.jpeg
pneumonia,./data/raw/pneumonia/virus_997.jpeg
normal,./data/raw/normal/normal_908.jpeg
normal,./data/raw/normal/normal_1350.jpeg
covid,./data/raw/covid/covid_002.png
normal,./data/raw/normal/normal_331.jpeg
pneumonia,./data/raw/pneumonia/virus_527.jpeg
covid,./data/raw/covid/covid_185.jpeg
normal,./data/raw/normal/normal_892.jpeg
normal,./data/raw/normal/normal_946.jpeg
pneumonia,./data/raw/pneumonia/bacteria_2583.jpeg
pneumonia,./data/raw/pneumonia/virus_430.jpeg
normal,./data/raw/normal/normal_707.jpeg
covid,./data/raw/covid/covid_172.jpg
normal,./data/raw/normal/normal_575.jpeg
normal,./data/raw/normal/normal_389.jpeg
normal,./data/raw/normal/normal_1008.jpeg
pneumonia,./data/raw/pneumonia/bacteria_328.jpeg
normal,./data/raw/normal/normal_266.jpeg
normal,./data/raw/normal/normal_1306.jpeg
normal,./data/raw/normal/normal_560.jpeg
pneumonia,./data/raw/pneumonia/bacteria_1316.jpeg
normal,./data/raw/normal/normal_1040.jpeg
pneumonia,./data/raw/pneumonia/bacteria_2623.jpeg
covid,./data/raw/covid/covid_147.jpg
normal,./data/raw/normal/normal_592.jpeg
normal,./data/raw/normal/normal_1304.jpeg
pneumonia,./data/raw/pneumonia/virus_961.jpeg
pneumonia,./data/raw/pneumonia/virus_1451.jpeg
normal,./data/raw/normal/normal_1566.jpeg
normal,./data/raw/normal/normal_037.jpeg
covid,./data/raw/covid/covid_051.jpg
normal,./data/raw/normal/normal_107.jpeg
pneumonia,./data/raw/pneumonia/bacteria_1781.jpeg
normal,./data/raw/normal/normal_988.jpeg
pneumonia,./data/raw/pneumonia/virus_426.jpeg
normal,./data/raw/normal/normal_737.jpeg
pneumonia,./data/raw/pneumonia/bacteria_1338.jpeg
covid,./data/raw/covid/covid_003.png
pneumonia,./data/raw/pneumonia/bacteria_2596.jpeg
pneumonia,./data/raw/pneumonia/virus_1123.jpeg
normal,./data/raw/normal/normal_1264.jpeg
pneumonia,./data/raw/pneumonia/virus_1260.jpeg
pneumonia,./data/raw/pneumonia/virus_482.jpeg
normal,./data/raw/normal/normal_1171.jpeg
normal,./data/raw/normal/normal_498.jpeg
normal,./data/raw/normal/normal_1381.jpeg
covid,./data/raw/covid/covid_052.jpg
pneumonia,./data/raw/pneumonia/bacteria_2555.jpeg
normal,./data/raw/normal/normal_398.jpeg
pneumonia,./data/raw/pneumonia/virus_603.jpeg
covid,./data/raw/covid/covid_093.jpg
normal,./data/raw/normal/normal_751.jpeg
normal,./data/raw/normal/normal_846.jpeg
normal,./data/raw/normal/normal_362.jpeg
normal,./data/raw/normal/normal_1435.jpeg
normal,./data/raw/normal/normal_949.jpeg
pneumonia,./data/raw/pneumonia/bacteria_1004.jpeg
pneumonia,./data/raw/pneumonia/bacteria_207.jpeg
normal,./data/raw/normal/normal_1315.jpeg
normal,./data/raw/normal/normal_013.jpeg
normal,./data/raw/normal/normal_007.jpeg
pneumonia,./data/raw/pneumonia/virus_1266.jpeg
normal,./data/raw/normal/normal_802.jpeg
normal,./data/raw/normal/normal_485.jpeg
pneumonia,./data/raw/pneumonia/virus_1388.jpeg
normal,./data/raw/normal/normal_1571.jpeg
normal,./data/raw/normal/normal_821.jpeg
normal,./data/raw/normal/normal_1517.jpeg
pneumonia,./data/raw/pneumonia/virus_1415.jpeg
pneumonia,./data/raw/pneumonia/virus_1005.jpeg
covid,./data/raw/covid/covid_094.jpg
pneumonia,./data/raw/pneumonia/bacteria_266.jpeg
normal,./data/raw/normal/normal_154.jpeg
pneumonia,./data/raw/pneumonia/virus_1326.jpeg
normal,./data/raw/normal/normal_1342.jpeg
normal,./data/raw/normal/normal_624.jpeg
pneumonia,./data/raw/pneumonia/bacteria_1326.jpeg
pneumonia,./data/raw/pneumonia/bacteria_1823.jpeg
pneumonia,./data/raw/pneumonia/virus_343.jpeg
covid,./data/raw/covid/covid_078.jpg
covid,./data/raw/covid/covid_159.jpg
normal,./data/raw/normal/normal_1007.jpeg
normal,./data/raw/normal/normal_1415.jpeg
pneumonia,./data/raw/pneumonia/bacteria_1374.jpeg
normal,./data/raw/normal/normal_704.jpeg
pneumonia,./data/raw/pneumonia/bacteria_2239.jpeg
pneumonia,./data/raw/pneumonia/bacteria_1297.jpeg
pneumonia,./data/raw/pneumonia/bacteria_1927.jpeg
pneumonia,./data/raw/pneumonia/virus_709.jpeg
pneumonia,./data/raw/pneumonia/bacteria_696.jpeg
normal,./data/raw/normal/normal_1469.jpeg
normal,./data/raw/normal/normal_858.jpeg
pneumonia,./data/raw/pneumonia/bacteria_306.jpeg
normal,./data/raw/normal/normal_203.jpeg
covid,./data/raw/covid/covid_140.jpg
normal,./data/raw/normal/normal_1460.jpeg
normal,./data/raw/normal/normal_814.jpeg
normal,./data/raw/normal/normal_1456.jpeg
pneumonia,./data/raw/pneumonia/virus_348.jpeg
normal,./data/raw/normal/normal_399.jpeg
pneumonia,./data/raw/pneumonia/bacteria_1851.jpeg
covid,./data/raw/covid/covid_190.jpeg
pneumonia,./data/raw/pneumonia/bacteria_1530.jpeg
pneumonia,./data/raw/pneumonia/bacteria_1360.jpeg
covid,./data/raw/covid/covid_187.png
pneumonia,./data/raw/pneumonia/bacteria_1738.jpeg
pneumonia,./data/raw/pneumonia/bacteria_038.jpeg
pneumonia,./data/raw/pneumonia/virus_933.jpeg
pneumonia,./data/raw/pneumonia/virus_457.jpeg
normal,./data/raw/normal/normal_1454.jpeg
pneumonia,./data/raw/pneumonia/virus_305.jpeg
pneumonia,./data/raw/pneumonia/virus_1166.jpeg
normal,./data/raw/normal/normal_1496.jpeg
pneumonia,./data/raw/pneumonia/bacteria_833.jpeg
normal,./data/raw/normal/normal_387.jpeg
covid,./data/raw/covid/covid_119.png
normal,./data/raw/normal/normal_035.jpeg
pneumonia,./data/raw/pneumonia/bacteria_2022.jpeg
pneumonia,./data/raw/pneumonia/bacteria_2445.jpeg
normal,./data/raw/normal/normal_097.jpeg
pneumonia,./data/raw/pneumonia/virus_131.jpeg
normal,./data/raw/normal/normal_694.jpeg
pneumonia,./data/raw/pneumonia/bacteria_1405.jpeg
covid,./data/raw/covid/covid_156.jpg
pneumonia,./data/raw/pneumonia/bacteria_1625.jpeg
pneumonia,./data/raw/pneumonia/virus_1403.jpeg
normal,./data/raw/normal/normal_757.jpeg
covid,./data/raw/covid/covid_182.jpeg
normal,./data/raw/normal/normal_291.jpeg
normal,./data/raw/normal/normal_1341.jpeg
normal,./data/raw/normal/normal_812.jpeg
covid,./data/raw/covid/covid_027.jpeg
pneumonia,./data/raw/pneumonia/bacteria_1581.jpeg
normal,./data/raw/normal/normal_513.jpeg
normal,./data/raw/normal/normal_461.jpeg
pneumonia,./data/raw/pneumonia/bacteria_2311.jpeg
covid,./data/raw/covid/covid_082.jpg
covid,./data/raw/covid/covid_055.jpg
normal,./data/raw/normal/normal_418.jpeg
normal,./data/raw/normal/normal_250.jpeg
covid,./data/raw/covid/covid_043.png
normal,./data/raw/normal/normal_1255.jpeg
pneumonia,./data/raw/pneumonia/bacteria_1733.jpeg
pneumonia,./data/raw/pneumonia/bacteria_2092.jpeg
normal,./data/raw/normal/normal_436.jpeg
pneumonia,./data/raw/pneumonia/virus_056.jpeg
pneumonia,./data/raw/pneumonia/virus_337.jpeg
pneumonia,./data/raw/pneumonia/virus_862.jpeg
pneumonia,./data/raw/pneumonia/bacteria_191.jpeg
normal,./data/raw/normal/normal_102.jpeg
covid,./data/raw/covid/covid_165.jpg
pneumonia,./data/raw/pneumonia/bacteria_2542.jpeg
covid,./data/raw/covid/covid_012.jpg
covid,./data/raw/covid/covid_089.jpg
normal,./data/raw/normal/normal_1470.jpeg
pneumonia,./data/raw/pneumonia/bacteria_2061.jpeg
pneumonia,./data/raw/pneumonia/bacteria_347.jpeg
normal,./data/raw/normal/normal_359.jpeg
normal,./data/raw/normal/normal_285.jpeg
normal,./data/raw/normal/normal_024.jpeg
normal,./data/raw/normal/normal_1329.jpeg
pneumonia,./data/raw/pneumonia/bacteria_1182.jpeg
pneumonia,./data/raw/pneumonia/virus_1278.jpeg
normal,./data/raw/normal/normal_726.jpeg
covid,./data/raw/covid/covid_144.jpg
pneumonia,./data/raw/pneumonia/bacteria_586.jpeg
normal,./data/raw/normal/normal_386.jpeg
pneumonia,./data/raw/pneumonia/virus_046.jpeg
pneumonia,./data/raw/pneumonia/virus_979.jpeg
normal,./data/raw/normal/normal_092.jpeg
normal,./data/raw/normal/normal_1076.jpeg
pneumonia,./data/raw/pneumonia/bacteria_362.jpeg
normal,./data/raw/normal/normal_627.jpeg
pneumonia,./data/raw/pneumonia/bacteria_1852.jpeg
normal,./data/raw/normal/normal_911.jpeg
pneumonia,./data/raw/pneumonia/bacteria_2288.jpeg
normal,./data/raw/normal/normal_1190.jpeg
normal,./data/raw/normal/normal_1472.jpeg
pneumonia,./data/raw/pneumonia/bacteria_189.jpeg
covid,./data/raw/covid/covid_098.png
normal,./data/raw/normal/normal_1532.jpeg
pneumonia,./data/raw/pneumonia/bacteria_1783.jpeg
normal,./data/raw/normal/normal_084.jpeg
covid,./data/raw/covid/covid_037.jpg
normal,./data/raw/normal/normal_109.jpeg
covid,./data/raw/covid/covid_111.jpeg
normal,./data/raw/normal/normal_060.jpeg
normal,./data/raw/normal/normal_586.jpeg
normal,./data/raw/normal/normal_865.jpeg
pneumonia,./data/raw/pneumonia/virus_1194.jpeg
pneumonia,./data/raw/pneumonia/bacteria_2192.jpeg
pneumonia,./data/raw/pneumonia/bacteria_2106.jpeg
pneumonia,./data/raw/pneumonia/bacteria_1685.jpeg
covid,./data/raw/covid/covid_017.png
pneumonia,./data/raw/pneumonia/virus_791.jpeg
pneumonia,./data/raw/pneumonia/virus_259.jpeg
normal,./data/raw/normal/normal_484.jpeg
pneumonia,./data/raw/pneumonia/bacteria_1173.jpeg
covid,./data/raw/covid/covid_127.jpg
normal,./data/raw/normal/normal_454.jpeg
pneumonia,./data/raw/pneumonia/bacteria_238.jpeg
covid,./data/raw/covid/covid_090.jpg
normal,./data/raw/normal/normal_713.jpeg
normal,./data/raw/normal/normal_1166.jpeg
pneumonia,./data/raw/pneumonia/virus_934.jpeg
pneumonia,./data/raw/pneumonia/bacteria_2265.jpeg
normal,./data/raw/normal/normal_345.jpeg
normal,./data/raw/normal/normal_360.jpeg
pneumonia,./data/raw/pneumonia/bacteria_943.jpeg
normal,./data/raw/normal/normal_817.jpeg
normal,./data/raw/normal/normal_078.jpeg
normal,./data/raw/normal/normal_851.jpeg
covid,./data/raw/covid/covid_168.png
pneumonia,./data/raw/pneumonia/virus_717.jpeg
covid,./data/raw/covid/covid_194.png
covid,./data/raw/covid/covid_048.jpg
pneumonia,./data/raw/pneumonia/bacteria_059.jpeg
pneumonia,./data/raw/pneumonia/virus_1227.jpeg
pneumonia,./data/raw/pneumonia/bacteria_2411.jpeg
pneumonia,./data/raw/pneumonia/bacteria_2450.jpeg
normal,./data/raw/normal/normal_1242.jpeg
normal,./data/raw/normal/normal_330.jpeg
pneumonia,./data/raw/pneumonia/bacteria_1076.jpeg
pneumonia,./data/raw/pneumonia/bacteria_898.jpeg
pneumonia,./data/raw/pneumonia/bacteria_1236.jpeg
pneumonia,./data/raw/pneumonia/bacteria_1831.jpeg
pneumonia,./data/raw/pneumonia/virus_617.jpeg
covid,./data/raw/covid/covid_106.jpg
pneumonia,./data/raw/pneumonia/bacteria_310.jpeg
pneumonia,./data/raw/pneumonia/bacteria_1771.jpeg
covid,./data/raw/covid/covid_047.jpeg
normal,./data/raw/normal/normal_594.jpeg
normal,./data/raw/normal/normal_072.jpeg
pneumonia,./data/raw/pneumonia/virus_195.jpeg
normal,./data/raw/normal/normal_701.jpeg
normal,./data/raw/normal/normal_667.jpeg
pneumonia,./data/raw/pneumonia/bacteria_851.jpeg
pneumonia,./data/raw/pneumonia/bacteria_008.jpeg
pneumonia,./data/raw/pneumonia/virus_703.jpeg
normal,./data/raw/normal/normal_112.jpeg
normal,./data/raw/normal/normal_023.jpeg
pneumonia,./data/raw/pneumonia/virus_1412.jpeg
normal,./data/raw/normal/normal_287.jpeg
pneumonia,./data/raw/pneumonia/virus_1164.jpeg
pneumonia,./data/raw/pneumonia/bacteria_2056.jpeg
pneumonia,./data/raw/pneumonia/bacteria_2700.jpeg
pneumonia,./data/raw/pneumonia/bacteria_2085.jpeg
pneumonia,./data/raw/pneumonia/bacteria_144.jpeg
normal,./data/raw/normal/normal_224.jpeg
normal,./data/raw/normal/normal_496.jpeg
covid,./data/raw/covid/covid_001.jpg
normal,./data/raw/normal/normal_1390.jpeg
normal,./data/raw/normal/normal_684.jpeg
normal,./data/raw/normal/normal_318.jpeg
normal,./data/raw/normal/normal_831.jpeg
covid,./data/raw/covid/covid_149.JPG
normal,./data/raw/normal/normal_1064.jpeg
normal,./data/raw/normal/normal_587.jpeg
normal,./data/raw/normal/normal_599.jpeg
normal,./data/raw/normal/normal_525.jpeg
covid,./data/raw/covid/covid_095.jpg
pneumonia,./data/raw/pneumonia/virus_1025.jpeg
normal,./data/raw/normal/normal_033.jpeg
covid,./data/raw/covid/covid_015.png
normal,./data/raw/normal/normal_1431.jpeg
normal,./data/raw/normal/normal_283.jpeg
pneumonia,./data/raw/pneumonia/bacteria_011.jpeg
normal,./data/raw/normal/normal_520.jpeg
covid,./data/raw/covid/covid_170.jpeg
normal,./data/raw/normal/normal_1308.jpeg
pneumonia,./data/raw/pneumonia/bacteria_1475.jpeg
pneumonia,./data/raw/pneumonia/bacteria_2398.jpeg
pneumonia,./data/raw/pneumonia/bacteria_777.jpeg
pneumonia,./data/raw/pneumonia/bacteria_284.jpeg
pneumonia,./data/raw/pneumonia/virus_810.jpeg
normal,./data/raw/normal/normal_876.jpeg
pneumonia,./data/raw/pneumonia/bacteria_351.jpeg
pneumonia,./data/raw/pneumonia/bacteria_1507.jpeg
normal,./data/raw/normal/normal_243.jpeg
normal,./data/raw/normal/normal_1135.jpeg
pneumonia,./data/raw/pneumonia/bacteria_594.jpeg
pneumonia,./data/raw/pneumonia/bacteria_2722.jpeg
normal,./data/raw/normal/normal_1279.jpeg
covid,./data/raw/covid/covid_008.png
normal,./data/raw/normal/normal_1549.jpeg
normal,./data/raw/normal/normal_1533.jpeg
pneumonia,./data/raw/pneumonia/bacteria_574.jpeg
normal,./data/raw/normal/normal_034.jpeg
pneumonia,./data/raw/pneumonia/virus_815.jpeg
normal,./data/raw/normal/normal_392.jpeg
normal,./data/raw/normal/normal_922.jpeg
covid,./data/raw/covid/covid_126.png
normal,./data/raw/normal/normal_784.jpeg
covid,./data/raw/covid/covid_171.jpg
covid,./data/raw/covid/covid_195.png
pneumonia,./data/raw/pneumonia/bacteria_1333.jpeg
pneumonia,./data/raw/pneumonia/bacteria_1472.jpeg
normal,./data/raw/normal/normal_577.jpeg
pneumonia,./data/raw/pneumonia/virus_315.jpeg
normal,./data/raw/normal/normal_651.jpeg
pneumonia,./data/raw/pneumonia/virus_1182.jpeg
normal,./data/raw/normal/normal_985.jpeg
covid,./data/raw/covid/covid_181.jpeg
pneumonia,./data/raw/pneumonia/bacteria_827.jpeg
pneumonia,./data/raw/pneumonia/bacteria_567.jpeg
normal,./data/raw/normal/normal_734.jpeg
covid,./data/raw/covid/covid_097.jpg
pneumonia,./data/raw/pneumonia/bacteria_881.jpeg
covid,./data/raw/covid/covid_049.jpg
normal,./data/raw/normal/normal_197.jpeg
pneumonia,./data/raw/pneumonia/virus_1288.jpeg
normal,./data/raw/normal/normal_424.jpeg
normal,./data/raw/normal/normal_421.jpeg
pneumonia,./data/raw/pneumonia/virus_1121.jpeg
pneumonia,./data/raw/pneumonia/virus_410.jpeg
covid,./data/raw/covid/covid_014.jpg
pneumonia,./data/raw/pneumonia/bacteria_1460.jpeg
covid,./data/raw/covid/covid_153.jpg
pneumonia,./data/raw/pneumonia/bacteria_712.jpeg
pneumonia,./data/raw/pneumonia/bacteria_803.jpeg
normal,./data/raw/normal/normal_1288.jpeg
normal,./data/raw/normal/normal_1205.jpeg
normal,./data/raw/normal/normal_662.jpeg
pneumonia,./data/raw/pneumonia/bacteria_2128.jpeg
covid,./data/raw/covid/covid_022.jpg
pneumonia,./data/raw/pneumonia/virus_510.jpeg
pneumonia,./data/raw/pneumonia/bacteria_441.jpeg
pneumonia,./data/raw/pneumonia/bacteria_1649.jpeg
normal,./data/raw/normal/normal_480.jpeg
covid,./data/raw/covid/covid_073.jpg
pneumonia,./data/raw/pneumonia/bacteria_793.jpeg
pneumonia,./data/raw/pneumonia/virus_731.jpeg
covid,./data/raw/covid/covid_005.png
pneumonia,./data/raw/pneumonia/bacteria_859.jpeg
normal,./data/raw/normal/normal_987.jpeg
normal,./data/raw/normal/normal_1269.jpeg
pneumonia,./data/raw/pneumonia/bacteria_1747.jpeg
pneumonia,./data/raw/pneumonia/bacteria_1508.jpeg
pneumonia,./data/raw/pneumonia/virus_1126.jpeg
pneumonia,./data/raw/pneumonia/virus_498.jpeg
normal,./data/raw/normal/normal_1052.jpeg
pneumonia,./data/raw/pneumonia/bacteria_1189.jpeg
pneumonia,./data/raw/pneumonia/bacteria_378.jpeg
normal,./data/raw/normal/normal_502.jpeg
pneumonia,./data/raw/pneumonia/bacteria_1476.jpeg
covid,./data/raw/covid/covid_009.png
pneumonia,./data/raw/pneumonia/bacteria_1680.jpeg
covid,./data/raw/covid/covid_145.jpeg
pneumonia,./data/raw/pneumonia/bacteria_628.jpeg
pneumonia,./data/raw/pneumonia/bacteria_2358.jpeg
normal,./data/raw/normal/normal_1012.jpeg
normal,./data/raw/normal/normal_1061.jpeg
pneumonia,./data/raw/pneumonia/bacteria_531.jpeg
normal,./data/raw/normal/normal_636.jpeg
normal,./data/raw/normal/normal_1273.jpeg
pneumonia,./data/raw/pneumonia/virus_689.jpeg
normal,./data/raw/normal/normal_246.jpeg
pneumonia,./data/raw/pneumonia/bacteria_1822.jpeg
normal,./data/raw/normal/normal_157.jpeg
normal,./data/raw/normal/normal_903.jpeg
normal,./data/raw/normal/normal_054.jpeg
normal,./data/raw/normal/normal_775.jpeg
pneumonia,./data/raw/pneumonia/virus_1178.jpeg
normal,./data/raw/normal/normal_488.jpeg
normal,./data/raw/normal/normal_893.jpeg
pneumonia,./data/raw/pneumonia/virus_771.jpeg
covid,./data/raw/covid/covid_105.jpg
normal,./data/raw/normal/normal_241.jpeg
pneumonia,./data/raw/pneumonia/virus_215.jpeg
pneumonia,./data/raw/pneumonia/bacteria_1932.jpeg
pneumonia,./data/raw/pneumonia/bacteria_920.jpeg
pneumonia,./data/raw/pneumonia/virus_412.jpeg
pneumonia,./data/raw/pneumonia/virus_1236.jpeg
normal,./data/raw/normal/normal_1486.jpeg
pneumonia,./data/raw/pneumonia/virus_1228.jpeg
normal,./data/raw/normal/normal_158.jpeg
normal,./data/raw/normal/normal_038.jpeg
pneumonia,./data/raw/pneumonia/virus_574.jpeg
covid,./data/raw/covid/covid_010.jpeg
normal,./data/raw/normal/normal_322.jpeg
pneumonia,./data/raw/pneumonia/bacteria_812.jpeg
covid,./data/raw/covid/covid_056.jpg
normal,./data/raw/normal/normal_1297.jpeg
covid,./data/raw/covid/covid_161.jpeg
pneumonia,./data/raw/pneumonia/bacteria_337.jpeg
normal,./data/raw/normal/normal_1362.jpeg
pneumonia,./data/raw/pneumonia/bacteria_1931.jpeg
pneumonia,./data/raw/pneumonia/bacteria_2367.jpeg
pneumonia,./data/raw/pneumonia/bacteria_1103.jpeg
normal,./data/raw/normal/normal_1024.jpeg
normal,./data/raw/normal/normal_1447.jpeg
pneumonia,./data/raw/pneumonia/bacteria_798.jpeg
pneumonia,./data/raw/pneumonia/bacteria_2098.jpeg
pneumonia,./data/raw/pneumonia/bacteria_2144.jpeg
covid,./data/raw/covid/covid_045.jpg
pneumonia,./data/raw/pneumonia/bacteria_2545.jpeg
pneumonia,./data/raw/pneumonia/bacteria_492.jpeg
pneumonia,./data/raw/pneumonia/bacteria_073.jpeg
pneumonia,./data/raw/pneumonia/virus_253.jpeg
pneumonia,./data/raw/pneumonia/bacteria_2569.jpeg
pneumonia,./data/raw/pneumonia/virus_794.jpeg
pneumonia,./data/raw/pneumonia/bacteria_1204.jpeg
pneumonia,./data/raw/pneumonia/bacteria_1052.jpeg
pneumonia,./data/raw/pneumonia/virus_1350.jpeg
pneumonia,./data/raw/pneumonia/virus_556.jpeg
pneumonia,./data/raw/pneumonia/bacteria_1816.jpeg
pneumonia,./data/raw/pneumonia/bacteria_214.jpeg
covid,./data/raw/covid/covid_069.jpg
normal,./data/raw/normal/normal_1488.jpeg
pneumonia,./data/raw/pneumonia/virus_324.jpeg
normal,./data/raw/normal/normal_678.jpeg
pneumonia,./data/raw/pneumonia/bacteria_2033.jpeg
pneumonia,./data/raw/pneumonia/virus_1462.jpeg
pneumonia,./data/raw/pneumonia/virus_1257.jpeg
normal,./data/raw/normal/normal_937.jpeg
pneumonia,./data/raw/pneumonia/bacteria_769.jpeg
pneumonia,./data/raw/pneumonia/bacteria_1517.jpeg
pneumonia,./data/raw/pneumonia/virus_174.jpeg
normal,./data/raw/normal/normal_1421.jpeg
normal,./data/raw/normal/normal_941.jpeg
normal,./data/raw/normal/normal_231.jpeg
pneumonia,./data/raw/pneumonia/bacteria_123.jpeg
pneumonia,./data/raw/pneumonia/virus_769.jpeg
pneumonia,./data/raw/pneumonia/bacteria_2110.jpeg
normal,./data/raw/normal/normal_966.jpeg
pneumonia,./data/raw/pneumonia/bacteria_2535.jpeg
normal,./data/raw/normal/normal_1237.jpeg
normal,./data/raw/normal/normal_1290.jpeg
pneumonia,./data/raw/pneumonia/bacteria_2764.jpeg
pneumonia,./data/raw/pneumonia/bacteria_2072.jpeg
normal,./data/raw/normal/normal_1466.jpeg
pneumonia,./data/raw/pneumonia/bacteria_061.jpeg
pneumonia,./data/raw/pneumonia/bacteria_525.jpeg
covid,./data/raw/covid/covid_062.png
pneumonia,./data/raw/pneumonia/virus_926.jpeg
pneumonia,./data/raw/pneumonia/virus_405.jpeg
pneumonia,./data/raw/pneumonia/bacteria_950.jpeg
pneumonia,./data/raw/pneumonia/bacteria_2436.jpeg
normal,./data/raw/normal/normal_855.jpeg
covid,./data/raw/covid/covid_070.jpg
pneumonia,./data/raw/pneumonia/bacteria_1452.jpeg
pneumonia,./data/raw/pneumonia/virus_749.jpeg
normal,./data/raw/normal/normal_868.jpeg
pneumonia,./data/raw/pneumonia/bacteria_1912.jpeg
pneumonia,./data/raw/pneumonia/bacteria_2522.jpeg
pneumonia,./data/raw/pneumonia/virus_013.jpeg
normal,./data/raw/normal/normal_1014.jpeg
covid,./data/raw/covid/covid_123.jpg
pneumonia,./data/raw/pneumonia/bacteria_1239.jpeg
normal,./data/raw/normal/normal_1128.jpeg
pneumonia,./data/raw/pneumonia/bacteria_1114.jpeg
pneumonia,./data/raw/pneumonia/bacteria_1006.jpeg
pneumonia,./data/raw/pneumonia/virus_1010.jpeg
pneumonia,./data/raw/pneumonia/virus_1291.jpeg
pneumonia,./data/raw/pneumonia/virus_909.jpeg
pneumonia,./data/raw/pneumonia/bacteria_2548.jpeg
normal,./data/raw/normal/normal_1330.jpeg
normal,./data/raw/normal/normal_767.jpeg
normal,./data/raw/normal/normal_1378.jpeg
normal,./data/raw/normal/normal_374.jpeg
normal,./data/raw/normal/normal_867.jpeg
pneumonia,./data/raw/pneumonia/bacteria_1375.jpeg
covid,./data/raw/covid/covid_186.jpg
normal,./data/raw/normal/normal_077.jpeg
normal,./data/raw/normal/normal_718.jpeg
covid,./data/raw/covid/covid_151.jpg
pneumonia,./data/raw/pneumonia/virus_939.jpeg
normal,./data/raw/normal/normal_275.jpeg
covid,./data/raw/covid/covid_007.png
pneumonia,./data/raw/pneumonia/bacteria_311.jpeg
pneumonia,./data/raw/pneumonia/bacteria_1331.jpeg
pneumonia,./data/raw/pneumonia/virus_278.jpeg
pneumonia,./data/raw/pneumonia/virus_045.jpeg
pneumonia,./data/raw/pneumonia/bacteria_1869.jpeg
covid,./data/raw/covid/covid_114.png
normal,./data/raw/normal/normal_1474.jpeg
normal,./data/raw/normal/normal_557.jpeg
normal,./data/raw/normal/normal_1013.jpeg
pneumonia,./data/raw/pneumonia/virus_626.jpeg
covid,./data/raw/covid/covid_087.jpeg
normal,./data/raw/normal/normal_503.jpeg
pneumonia,./data/raw/pneumonia/virus_433.jpeg
normal,./data/raw/normal/normal_884.jpeg
pneumonia,./data/raw/pneumonia/virus_198.jpeg
pneumonia,./data/raw/pneumonia/virus_1423.jpeg
normal,./data/raw/normal/normal_1073.jpeg
normal,./data/raw/normal/normal_1428.jpeg
pneumonia,./data/raw/pneumonia/virus_994.jpeg
normal,./data/raw/normal/normal_1110.jpeg
covid,./data/raw/covid/covid_031.jpeg
pneumonia,./data/raw/pneumonia/virus_877.jpeg
normal,./data/raw/normal/normal_1020.jpeg
pneumonia,./data/raw/pneumonia/bacteria_1623.jpeg
normal,./data/raw/normal/normal_731.jpeg
normal,./data/raw/normal/normal_526.jpeg
normal,./data/raw/normal/normal_1172.jpeg
pneumonia,./data/raw/pneumonia/bacteria_1067.jpeg
normal,./data/raw/normal/normal_1416.jpeg
pneumonia,./data/raw/pneumonia/bacteria_177.jpeg
normal,./data/raw/normal/normal_1301.jpeg
covid,./data/raw/covid/covid_162.jpeg
pneumonia,./data/raw/pneumonia/bacteria_2651.jpeg
normal,./data/raw/normal/normal_131.jpeg
pneumonia,./data/raw/pneumonia/virus_1231.jpeg
pneumonia,./data/raw/pneumonia/virus_1275.jpeg
covid,./data/raw/covid/covid_139.jpeg
normal,./data/raw/normal/normal_595.jpeg
covid,./data/raw/covid/covid_083.png
normal,./data/raw/normal/normal_1282.jpeg
pneumonia,./data/raw/pneumonia/bacteria_312.jpeg
pneumonia,./data/raw/pneumonia/bacteria_029.jpeg
normal,./data/raw/normal/normal_264.jpeg
covid,./data/raw/covid/covid_136.jpg
covid,./data/raw/covid/covid_178.jpg
covid,./data/raw/covid/covid_164.jpg
pneumonia,./data/raw/pneumonia/bacteria_2086.jpeg
pneumonia,./data/raw/pneumonia/bacteria_359.jpeg
covid,./data/raw/covid/covid_077.png
pneumonia,./data/raw/pneumonia/bacteria_1682.jpeg
pneumonia,./data/raw/pneumonia/bacteria_630.jpeg
pneumonia,./data/raw/pneumonia/bacteria_532.jpeg
normal,./data/raw/normal/normal_940.jpeg
pneumonia,./data/raw/pneumonia/bacteria_1115.jpeg
covid,./data/raw/covid/covid_054.jpg
pneumonia,./data/raw/pneumonia/bacteria_739.jpeg
covid,./data/raw/covid/covid_120.png
normal,./data/raw/normal/normal_1156.jpeg
pneumonia,./data/raw/pneumonia/bacteria_1226.jpeg
pneumonia,./data/raw/pneumonia/virus_1284.jpeg
covid,./data/raw/covid/covid_110.jpg
covid,./data/raw/covid/covid_174.jpg
normal,./data/raw/normal/normal_039.jpeg
pneumonia,./data/raw/pneumonia/bacteria_1039.jpeg
normal,./data/raw/normal/normal_1060.jpeg
normal,./data/raw/normal/normal_679.jpeg
normal,./data/raw/normal/normal_979.jpeg
pneumonia,./data/raw/pneumonia/bacteria_502.jpeg
normal,./data/raw/normal/normal_658.jpeg
normal,./data/raw/normal/normal_217.jpeg
normal,./data/raw/normal/normal_1016.jpeg
pneumonia,./data/raw/pneumonia/bacteria_616.jpeg
pneumonia,./data/raw/pneumonia/bacteria_2720.jpeg
pneumonia,./data/raw/pneumonia/bacteria_1874.jpeg
normal,./data/raw/normal/normal_1411.jpeg
normal,./data/raw/normal/normal_295.jpeg
normal,./data/raw/normal/normal_090.jpeg
normal,./data/raw/normal/normal_388.jpeg
pneumonia,./data/raw/pneumonia/bacteria_658.jpeg
covid,./data/raw/covid/covid_021.jpg
covid,./data/raw/covid/covid_081.jpg
pneumonia,./data/raw/pneumonia/bacteria_1756.jpeg
covid,./data/raw/covid/covid_072.jpeg
covid,./data/raw/covid/covid_117.png
pneumonia,./data/raw/pneumonia/virus_774.jpeg
normal,./data/raw/normal/normal_404.jpeg
normal,./data/raw/normal/normal_1246.jpeg
pneumonia,./data/raw/pneumonia/virus_597.jpeg
normal,./data/raw/normal/normal_195.jpeg
normal,./data/raw/normal/normal_1483.jpeg
pneumonia,./data/raw/pneumonia/bacteria_1585.jpeg
normal,./data/raw/normal/normal_655.jpeg
normal,./data/raw/normal/normal_1213.jpeg
pneumonia,./data/raw/pneumonia/bacteria_1137.jpeg
normal,./data/raw/normal/normal_1324.jpeg
pneumonia,./data/raw/pneumonia/bacteria_2141.jpeg
normal,./data/raw/normal/normal_081.jpeg
covid,./data/raw/covid/covid_034.jpeg
pneumonia,./data/raw/pneumonia/bacteria_1025.jpeg
normal,./data/raw/normal/normal_279.jpeg
covid,./data/raw/covid/covid_044.jpeg
normal,./data/raw/normal/normal_311.jpeg
pneumonia,./data/raw/pneumonia/virus_274.jpeg
normal,./data/raw/normal/normal_836.jpeg
pneumonia,./data/raw/pneumonia/virus_1075.jpeg
normal,./data/raw/normal/normal_428.jpeg
covid,./data/raw/covid/covid_107.jpg
pneumonia,./data/raw/pneumonia/bacteria_1792.jpeg
covid,./data/raw/covid/covid_042.jpg
normal,./data/raw/normal/normal_047.jpeg
pneumonia,./data/raw/pneumonia/bacteria_1866.jpeg
normal,./data/raw/normal/normal_406.jpeg
normal,./data/raw/normal/normal_661.jpeg
covid,./data/raw/covid/covid_041.jpeg
normal,./data/raw/normal/normal_1497.jpeg
normal,./data/raw/normal/normal_870.jpeg
normal,./data/raw/normal/normal_1453.jpeg
pneumonia,./data/raw/pneumonia/virus_127.jpeg
pneumonia,./data/raw/pneumonia/virus_521.jpeg
covid,./data/raw/covid/covid_157.jpg
pneumonia,./data/raw/pneumonia/bacteria_469.jpeg
normal,./data/raw/normal/normal_871.jpeg
covid,./data/raw/covid/covid_026.jpg
pneumonia,./data/raw/pneumonia/virus_1314.jpeg
normal,./data/raw/normal/normal_1465.jpeg
pneumonia,./data/raw/pneumonia/bacteria_1187.jpeg
pneumonia,./data/raw/pneumonia/virus_485.jpeg
normal,./data/raw/normal/normal_068.jpeg
normal,./data/raw/normal/normal_1515.jpeg
normal,./data/raw/normal/normal_1400.jpeg
covid,./data/raw/covid/covid_148.jpg
pneumonia,./data/raw/pneumonia/bacteria_2765.jpeg
normal,./data/raw/normal/normal_754.jpeg
covid,./data/raw/covid/covid_132.png
pneumonia,./data/raw/pneumonia/bacteria_1347.jpeg
pneumonia,./data/raw/pneumonia/virus_196.jpeg
pneumonia,./data/raw/pneumonia/bacteria_489.jpeg
pneumonia,./data/raw/pneumonia/bacteria_537.jpeg
pneumonia,./data/raw/pneumonia/bacteria_1376.jpeg
normal,./data/raw/normal/normal_1508.jpeg
normal,./data/raw/normal/normal_091.jpeg
covid,./data/raw/covid/covid_175.jpg
covid,./data/raw/covid/covid_096.jpg
normal,./data/raw/normal/normal_004.jpeg
pneumonia,./data/raw/pneumonia/bacteria_1005.jpeg
normal,./data/raw/normal/normal_1552.jpeg
pneumonia,./data/raw/pneumonia/virus_400.jpeg
pneumonia,./data/raw/pneumonia/virus_421.jpeg
normal,./data/raw/normal/normal_542.jpeg
normal,./data/raw/normal/normal_610.jpeg
normal,./data/raw/normal/normal_780.jpeg
normal,./data/raw/normal/normal_262.jpeg
normal,./data/raw/normal/normal_1244.jpeg
normal,./data/raw/normal/normal_120.jpeg
normal,./data/raw/normal/normal_1271.jpeg
normal,./data/raw/normal/normal_111.jpeg
covid,./data/raw/covid/covid_074.jpg
normal,./data/raw/normal/normal_635.jpeg
pneumonia,./data/raw/pneumonia/bacteria_1509.jpeg
pneumonia,./data/raw/pneumonia/bacteria_930.jpeg
pneumonia,./data/raw/pneumonia/bacteria_386.jpeg
normal,./data/raw/normal/normal_1564.jpeg
pneumonia,./data/raw/pneumonia/bacteria_2670.jpeg
normal,./data/raw/normal/normal_618.jpeg
pneumonia,./data/raw/pneumonia/bacteria_1392.jpeg
covid,./data/raw/covid/covid_030.jpeg
pneumonia,./data/raw/pneumonia/bacteria_2307.jpeg
normal,./data/raw/normal/normal_932.jpeg
normal,./data/raw/normal/normal_816.jpeg
covid,./data/raw/covid/covid_032.jpeg
normal,./data/raw/normal/normal_1471.jpeg
normal,./data/raw/normal/normal_1534.jpeg
normal,./data/raw/normal/normal_1177.jpeg
pneumonia,./data/raw/pneumonia/virus_1007.jpeg
normal,./data/raw/normal/normal_834.jpeg
normal,./data/raw/normal/normal_1555.jpeg
covid,./data/raw/covid/covid_138.jpg
normal,./data/raw/normal/normal_712.jpeg
pneumonia,./data/raw/pneumonia/bacteria_1817.jpeg
pneumonia,./data/raw/pneumonia/bacteria_2655.jpeg
covid,./data/raw/covid/covid_141.jpg
normal,./data/raw/normal/normal_1195.jpeg
normal,./data/raw/normal/normal_990.jpeg
covid,./data/raw/covid/covid_173.jpg
pneumonia,./data/raw/pneumonia/bacteria_726.jpeg
normal,./data/raw/normal/normal_1389.jpeg
normal,./data/raw/normal/normal_765.jpeg
covid,./data/raw/covid/covid_038.jpeg
normal,./data/raw/normal/normal_719.jpeg
normal,./data/raw/normal/normal_808.jpeg
normal,./data/raw/normal/normal_833.jpeg
normal,./data/raw/normal/normal_517.jpeg
normal,./data/raw/normal/normal_1017.jpeg
covid,./data/raw/covid/covid_133.png
covid,./data/raw/covid/covid_076.jpg
normal,./data/raw/normal/normal_989.jpeg
pneumonia,./data/raw/pneumonia/bacteria_2468.jpeg
normal,./data/raw/normal/normal_928.jpeg
normal,./data/raw/normal/normal_370.jpeg
pneumonia,./data/raw/pneumonia/bacteria_2338.jpeg
normal,./data/raw/normal/normal_800.jpeg
pneumonia,./data/raw/pneumonia/virus_977.jpeg
covid,./data/raw/covid/covid_152.jpeg
normal,./data/raw/normal/normal_457.jpeg
pneumonia,./data/raw/pneumonia/virus_1248.jpeg
pneumonia,./data/raw/pneumonia/bacteria_2541.jpeg
pneumonia,./data/raw/pneumonia/virus_832.jpeg
normal,./data/raw/normal/normal_1114.jpeg
pneumonia,./data/raw/pneumonia/bacteria_1249.jpeg
normal,./data/raw/normal/normal_273.jpeg
normal,./data/raw/normal/normal_074.jpeg
pneumonia,./data/raw/pneumonia/virus_636.jpeg
pneumonia,./data/raw/pneumonia/virus_222.jpeg
covid,./data/raw/covid/covid_191.jpeg
normal,./data/raw/normal/normal_1088.jpeg
pneumonia,./data/raw/pneumonia/bacteria_2346.jpeg
pneumonia,./data/raw/pneumonia/virus_1394.jpeg
normal,./data/raw/normal/normal_1034.jpeg
normal,./data/raw/normal/normal_886.jpeg
pneumonia,./data/raw/pneumonia/bacteria_1262.jpeg
covid,./data/raw/covid/covid_197.png
normal,./data/raw/normal/normal_451.jpeg
pneumonia,./data/raw/pneumonia/bacteria_447.jpeg
pneumonia,./data/raw/pneumonia/bacteria_1428.jpeg
pneumonia,./data/raw/pneumonia/bacteria_1217.jpeg
pneumonia,./data/raw/pneumonia/bacteria_421.jpeg
covid,./data/raw/covid/covid_063.jpg
pneumonia,./data/raw/pneumonia/virus_446.jpeg
normal,./data/raw/normal/normal_003.jpeg
pneumonia,./data/raw/pneumonia/bacteria_1352.jpeg
normal,./data/raw/normal/normal_1562.jpeg
normal,./data/raw/normal/normal_506.jpeg
pneumonia,./data/raw/pneumonia/bacteria_1194.jpeg
normal,./data/raw/normal/normal_281.jpeg
pneumonia,./data/raw/pneumonia/bacteria_2262.jpeg
normal,./data/raw/normal/normal_1143.jpeg
covid,./data/raw/covid/covid_113.png
normal,./data/raw/normal/normal_591.jpeg
pneumonia,./data/raw/pneumonia/bacteria_1026.jpeg
pneumonia,./data/raw/pneumonia/bacteria_1269.jpeg
pneumonia,./data/raw/pneumonia/bacteria_1313.jpeg
normal,./data/raw/normal/normal_1118.jpeg
normal,./data/raw/normal/normal_076.jpeg
pneumonia,./data/raw/pneumonia/bacteria_572.jpeg
pneumonia,./data/raw/pneumonia/virus_1290.jpeg
covid,./data/raw/covid/covid_146.png
pneumonia,./data/raw/pneumonia/virus_878.jpeg
pneumonia,./data/raw/pneumonia/virus_1355.jpeg
normal,./data/raw/normal/normal_1299.jpeg
pneumonia,./data/raw/pneumonia/bacteria_1554.jpeg
pneumonia,./data/raw/pneumonia/bacteria_2466.jpeg
pneumonia,./data/raw/pneumonia/bacteria_1641.jpeg
normal,./data/raw/normal/normal_717.jpeg
pneumonia,./data/raw/pneumonia/bacteria_807.jpeg
normal,./data/raw/normal/normal_227.jpeg
covid,./data/raw/covid/covid_035.jpg
normal,./data/raw/normal/normal_1364.jpeg
normal,./data/raw/normal/normal_1226.jpeg
normal,./data/raw/normal/normal_681.jpeg
pneumonia,./data/raw/pneumonia/bacteria_2094.jpeg
normal,./data/raw/normal/normal_245.jpeg
pneumonia,./data/raw/pneumonia/bacteria_344.jpeg
pneumonia,./data/raw/pneumonia/bacteria_1207.jpeg
normal,./data/raw/normal/normal_999.jpeg
covid,./data/raw/covid/covid_108.jpg
pneumonia,./data/raw/pneumonia/bacteria_548.jpeg
covid,./data/raw/covid/covid_057.jpg
covid,./data/raw/covid/covid_080.jpg
pneumonia,./data/raw/pneumonia/bacteria_1337.jpeg
pneumonia,./data/raw/pneumonia/virus_1417.jpeg
covid,./data/raw/covid/covid_065.jpg
normal,./data/raw/normal/normal_449.jpeg
pneumonia,./data/raw/pneumonia/bacteria_1211.jpeg
pneumonia,./data/raw/pneumonia/bacteria_220.jpeg
covid,./data/raw/covid/covid_018.png
pneumonia,./data/raw/pneumonia/virus_847.jpeg
normal,./data/raw/normal/normal_1169.jpeg
normal,./data/raw/normal/normal_983.jpeg
pneumonia,./data/raw/pneumonia/bacteria_1946.jpeg
covid,./data/raw/covid/covid_124.jpg
pneumonia,./data/raw/pneumonia/bacteria_641.jpeg
normal,./data/raw/normal/normal_390.jpeg
pneumonia,./data/raw/pneumonia/bacteria_125.jpeg
pneumonia,./data/raw/pneumonia/virus_1161.jpeg
pneumonia,./data/raw/pneumonia/bacteria_453.jpeg
pneumonia,./data/raw/pneumonia/bacteria_1529.jpeg
normal,./data/raw/normal/normal_866.jpeg
normal,./data/raw/normal/normal_050.jpeg
pneumonia,./data/raw/pneumonia/virus_790.jpeg
normal,./data/raw/normal/normal_682.jpeg
pneumonia,./data/raw/pneumonia/virus_507.jpeg
normal,./data/raw/normal/normal_459.jpeg
normal,./data/raw/normal/normal_400.jpeg
covid,./data/raw/covid/covid_086.jpeg
pneumonia,./data/raw/pneumonia/bacteria_2163.jpeg
pneumonia,./data/raw/pneumonia/bacteria_358.jpeg
covid,./data/raw/covid/covid_128.jpg
normal,./data/raw/normal/normal_1054.jpeg
normal,./data/raw/normal/normal_325.jpeg
covid,./data/raw/covid/covid_150.jpg
pneumonia,./data/raw/pneumonia/bacteria_1966.jpeg
pneumonia,./data/raw/pneumonia/bacteria_2536.jpeg
pneumonia,./data/raw/pneumonia/bacteria_452.jpeg
pneumonia,./data/raw/pneumonia/bacteria_1454.jpeg
normal,./data/raw/normal/normal_129.jpeg
normal,./data/raw/normal/normal_326.jpeg
pneumonia,./data/raw/pneumonia/virus_1357.jpeg
normal,./data/raw/normal/normal_1473.jpeg
pneumonia,./data/raw/pneumonia/bacteria_1345.jpeg
normal,./data/raw/normal/normal_912.jpeg
covid,./data/raw/covid/covid_039.jpeg
normal,./data/raw/normal/normal_1351.jpeg
normal,./data/raw/normal/normal_1452.jpeg
covid,./data/raw/covid/covid_112.png
normal,./data/raw/normal/normal_1198.jpeg
pneumonia,./data/raw/pneumonia/virus_419.jpeg
normal,./data/raw/normal/normal_1403.jpeg
pneumonia,./data/raw/pneumonia/bacteria_1022.jpeg
covid,./data/raw/covid/covid_177.jpg
covid,./data/raw/covid/covid_028.jpg
normal,./data/raw/normal/normal_640.jpeg
normal,./data/raw/normal/normal_1215.jpeg
normal,./data/raw/normal/normal_942.jpeg
normal,./data/raw/normal/normal_069.jpeg
covid,./data/raw/covid/covid_053.jpeg
normal,./data/raw/normal/normal_1139.jpeg
normal,./data/raw/normal/normal_119.jpeg
covid,./data/raw/covid/covid_183.jpeg
pneumonia,./data/raw/pneumonia/virus_536.jpeg
covid,./data/raw/covid/covid_176.jpg
normal,./data/raw/normal/normal_1354.jpeg
covid,./data/raw/covid/covid_188.jpeg
covid,./data/raw/covid/covid_016.png
pneumonia,./data/raw/pneumonia/bacteria_1857.jpeg
covid,./data/raw/covid/covid_036.jpg
covid,./data/raw/covid/covid_184.jpeg
covid,./data/raw/covid/covid_104.jpg
pneumonia,./data/raw/pneumonia/bacteria_057.jpeg
pneumonia,./data/raw/pneumonia/bacteria_1782.jpeg
normal,./data/raw/normal/normal_616.jpeg
covid,./data/raw/covid/covid_166.jpg
pneumonia,./data/raw/pneumonia/bacteria_751.jpeg
normal,./data/raw/normal/normal_735.jpeg
covid,./data/raw/covid/covid_167.jpeg
normal,./data/raw/normal/normal_465.jpeg
pneumonia,./data/raw/pneumonia/virus_1083.jpeg
covid,./data/raw/covid/covid_134.jpg
pneumonia,./data/raw/pneumonia/bacteria_511.jpeg
pneumonia,./data/raw/pneumonia/bacteria_1069.jpeg
pneumonia,./data/raw/pneumonia/virus_1067.jpeg
normal,./data/raw/normal/normal_600.jpeg
pneumonia,./data/raw/pneumonia/bacteria_2376.jpeg
normal,./data/raw/normal/normal_1144.jpeg
normal,./data/raw/normal/normal_1204.jpeg
normal,./data/raw/normal/normal_040.jpeg
normal,./data/raw/normal/normal_314.jpeg
pneumonia,./data/raw/pneumonia/bacteria_325.jpeg
pneumonia,./data/raw/pneumonia/bacteria_424.jpeg
pneumonia,./data/raw/pneumonia/bacteria_762.jpeg
normal,./data/raw/normal/normal_028.jpeg
normal,./data/raw/normal/normal_1302.jpeg
covid,./data/raw/covid/covid_099.jpeg
normal,./data/raw/normal/normal_1037.jpeg
pneumonia,./data/raw/pneumonia/virus_1169.jpeg
normal,./data/raw/normal/normal_621.jpeg
normal,./data/raw/normal/normal_1188.jpeg
covid,./data/raw/covid/covid_196.png
normal,./data/raw/normal/normal_334.jpeg
normal,./data/raw/normal/normal_948.jpeg
normal,./data/raw/normal/normal_1099.jpeg
pneumonia,./data/raw/pneumonia/bacteria_1104.jpeg
normal,./data/raw/normal/normal_1275.jpeg
pneumonia,./data/raw/pneumonia/bacteria_2682.jpeg
normal,./data/raw/normal/normal_730.jpeg
pneumonia,./data/raw/pneumonia/virus_242.jpeg
pneumonia,./data/raw/pneumonia/bacteria_1056.jpeg
pneumonia,./data/raw/pneumonia/virus_916.jpeg
pneumonia,./data/raw/pneumonia/bacteria_534.jpeg
normal,./data/raw/normal/normal_030.jpeg
normal,./data/raw/normal/normal_634.jpeg
normal,./data/raw/normal/normal_349.jpeg
pneumonia,./data/raw/pneumonia/virus_644.jpeg
normal,./data/raw/normal/normal_019.jpeg
pneumonia,./data/raw/pneumonia/virus_1432.jpeg
pneumonia,./data/raw/pneumonia/bacteria_1827.jpeg
covid,./data/raw/covid/covid_066.jpg
normal,./data/raw/normal/normal_361.jpeg
covid,./data/raw/covid/covid_198.jpg
pneumonia,./data/raw/pneumonia/bacteria_2397.jpeg
covid,./data/raw/covid/covid_079.png
pneumonia,./data/raw/pneumonia/bacteria_600.jpeg
covid,./data/raw/covid/covid_169.jpeg
pneumonia,./data/raw/pneumonia/bacteria_971.jpeg
normal,./data/raw/normal/normal_1303.jpeg
pneumonia,./data/raw/pneumonia/bacteria_520.jpeg
covid,./data/raw/covid/covid_085.jpg
normal,./data/raw/normal/normal_725.jpeg
covid,./data/raw/covid/covid_163.jpg
covid,./data/raw/covid/covid_067.jpg
normal,./data/raw/normal/normal_1283.jpeg
covid,./data/raw/covid/covid_059.jpg
normal,./data/raw/normal/normal_1414.jpeg
pneumonia,./data/raw/pneumonia/bacteria_784.jpeg
covid,./data/raw/covid/covid_130.jpg
covid,./data/raw/covid/covid_135.png
normal,./data/raw/normal/normal_875.jpeg
pneumonia,./data/raw/pneumonia/bacteria_1630.jpeg
normal,./data/raw/normal/normal_601.jpeg
pneumonia,./data/raw/pneumonia/bacteria_1130.jpeg
normal,./data/raw/normal/normal_494.jpeg
normal,./data/raw/normal/normal_165.jpeg
pneumonia,./data/raw/pneumonia/bacteria_1003.jpeg
pneumonia,./data/raw/pneumonia/bacteria_1710.jpeg
normal,./data/raw/normal/normal_1063.jpeg
pneumonia,./data/raw/pneumonia/bacteria_1808.jpeg
pneumonia,./data/raw/pneumonia/bacteria_913.jpeg
normal,./data/raw/normal/normal_202.jpeg
covid,./data/raw/covid/covid_092.jpg
normal,./data/raw/normal/normal_1268.jpeg
normal,./data/raw/normal/normal_1163.jpeg
normal,./data/raw/normal/normal_020.jpeg
covid,./data/raw/covid/covid_192.jpeg
normal,./data/raw/normal/normal_1338.jpeg
normal,./data/raw/normal/normal_700.jpeg
pneumonia,./data/raw/pneumonia/bacteria_2460.jpeg
pneumonia,./data/raw/pneumonia/virus_443.jpeg
normal,./data/raw/normal/normal_095.jpeg
normal,./data/raw/normal/normal_529.jpeg
normal,./data/raw/normal/normal_819.jpeg
covid,./data/raw/covid/covid_122.jpg
normal,./data/raw/normal/normal_1573.jpeg
pneumonia,./data/raw/pneumonia/virus_320.jpeg
covid,./data/raw/covid/covid_100.jpeg
covid,./data/raw/covid/covid_023.jpg
pneumonia,./data/raw/pneumonia/bacteria_2459.jpeg
pneumonia,./data/raw/pneumonia/bacteria_107.jpeg
pneumonia,./data/raw/pneumonia/bacteria_001.jpeg
pneumonia,./data/raw/pneumonia/bacteria_1399.jpeg
pneumonia,./data/raw/pneumonia/bacteria_987.jpeg
pneumonia,./data/raw/pneumonia/virus_429.jpeg
normal,./data/raw/normal/normal_411.jpeg
pneumonia,./data/raw/pneumonia/virus_001.jpeg
normal,./data/raw/normal/normal_230.jpeg
pneumonia,./data/raw/pneumonia/bacteria_2557.jpeg
normal,./data/raw/normal/normal_492.jpeg
normal,./data/raw/normal/normal_906.jpeg
pneumonia,./data/raw/pneumonia/bacteria_1713.jpeg
pneumonia,./data/raw/pneumonia/bacteria_1628.jpeg
covid,./data/raw/covid/covid_011.jpeg
normal,./data/raw/normal/normal_916.jpeg
normal,./data/raw/normal/normal_1528.jpeg
pneumonia,./data/raw/pneumonia/bacteria_2147.jpeg
normal,./data/raw/normal/normal_305.jpeg
normal,./data/raw/normal/normal_1121.jpeg
normal,./data/raw/normal/normal_857.jpeg
pneumonia,./data/raw/pneumonia/bacteria_2390.jpeg
normal,./data/raw/normal/normal_189.jpeg
normal,./data/raw/normal/normal_201.jpeg
pneumonia,./data/raw/pneumonia/virus_309.jpeg
normal,./data/raw/normal/normal_178.jpeg
pneumonia,./data/raw/pneumonia/bacteria_1704.jpeg
pneumonia,./data/raw/pneumonia/bacteria_541.jpeg
normal,./data/raw/normal/normal_036.jpeg
covid,./data/raw/covid/covid_109.jpg
covid,./data/raw/covid/covid_075.jpg
normal,./data/raw/normal/normal_027.jpeg
pneumonia,./data/raw/pneumonia/bacteria_634.jpeg
covid,./data/raw/covid/covid_020.jpeg
normal,./data/raw/normal/normal_378.jpeg
covid,./data/raw/covid/covid_142.jpg
pneumonia,./data/raw/pneumonia/bacteria_1862.jpeg
normal,./data/raw/normal/normal_300.jpeg
